{
  "eval_loss": 0.09625931084156036,
  "eval_precision": 0.8366346342420082,
  "eval_recall": 0.8941521693565291,
  "eval_f1": 0.864437689969605,
  "eval_accuracy": 0.9749225148567635,
  "eval_f1_CASE_REFERENCE": 0.7276536312849163,
  "eval_precision_CASE_REFERENCE": 0.6735617323852618,
  "eval_recall_CASE_REFERENCE": 0.7911921032649962,
  "eval_f1_DATE": 0.9252669039145907,
  "eval_precision_DATE": 0.9154929577464789,
  "eval_recall_DATE": 0.935251798561151,
  "eval_f1_LOCATION": 0.7208848405985687,
  "eval_precision_LOCATION": 0.678921568627451,
  "eval_recall_LOCATION": 0.768377253814147,
  "eval_f1_NAME": 0.9075800274586315,
  "eval_precision_NAME": 0.8959908688828648,
  "eval_recall_NAME": 0.9194729136163983,
  "eval_f1_ORGANIZATION": 0.7942646100369324,
  "eval_precision_ORGANIZATION": 0.7415821501014199,
  "eval_recall_ORGANIZATION": 0.8550046772684752,
  "eval_f1_STATUTE": 0.9090506749280814,
  "eval_precision_STATUTE": 0.8838209982788297,
  "eval_recall_STATUTE": 0.9357630979498861,
  "eval_runtime": 80.3072,
  "eval_samples_per_second": 62.074,
  "eval_steps_per_second": 3.885,
  "epoch": 5.0
}